"postmean","postvar","postess"
0.0357801433376899,6.30503615197014e-05,591.906362180924
-0.0806050833884367,5.12277244484005e-05,627.653839702683
-0.0398794871161278,4.50953497697989e-05,960.834426649176
0.0400012987095878,0.000136527324363837,531.103674632703
3.3895036840473e-05,0.000128390654171526,818.713358220828
-0.0368384056933798,5.81776436022841e-05,875.052317351244
-0.0194607685461599,5.08212193071335e-05,927.962423826129
0.136455694384995,0.000160653797080602,450.029660731286
0.1592526705591,7.21926600445541e-05,546.467337994543
-0.105836043083487,0.000104356501388515,449.440607435063
0.0229602769863819,3.0877256780267e-05,893.762063442741
0.205874494679824,0.000156546290043868,568.115153221611
0.0108919104171228,0.000107479195909224,491.773051892782
-0.0221669006200096,4.8676585718325e-05,838.841330720247
0.0541191580793068,6.08679725064893e-05,597.358271773609
-0.0890355239498283,5.09516291147484e-05,645.531759171381
0.144228044239835,0.000239537593373053,848.590366295499
0.0834307980811431,8.71531376020923e-05,408.906680026163
-0.0780512465823006,4.18270173259133e-05,995.657292583614
0.257977256979203,4.44254869238039e-05,996.145381381573
-0.0565073734711354,9.43418135674596e-05,1055.43655245317
0.0794732923275883,0.000184459022542353,277.764039281706
0.0159912622667927,3.15034750446483e-05,903.227457379389
0.14078580613966,0.000133376429499495,606.339474285827
-0.0187984167442352,4.04333422472063e-05,977.031354734057
0.0968367851908576,9.33592273475099e-05,576.273586619637
-0.0426418824656035,4.33179816386897e-05,651.822639440663
-0.0914231841825067,0.000135943963673822,566.772419543474
0.0162007373107142,8.37360068660346e-05,783.018021893144
-0.104722375646738,7.37811061812062e-05,640.888528786793
0.121487104302645,0.000135223136295906,417.187748472821
-0.0243471372703995,4.95644890455197e-05,636.217530348767
0.0265070907409682,7.48577018462771e-05,599.724097981486
0.290213396906085,0.000112173321752604,608.157337986683
0.33674675176384,6.19489731473652e-05,1072.08366786434
0.417944849987007,0.00066266957155431,694.648488131481
-0.0164369168638205,3.04126735810891e-05,1129.43942253105
0.0830108691556448,4.37417734703405e-05,829.347007441242
-0.00397694415100557,4.35159375548582e-05,578.365587475089
-0.104103601507309,0.00011292011990614,402.098906553619
-0.0411162721897075,0.00012350146829474,582.399705721559
-0.115199201662992,0.000127598836713894,408.700488710983
0.0465200499703275,3.49860739514182e-05,1196.96375305962
-0.0578613228130896,5.233531823434e-05,795.348196203309
-0.0512257547186986,4.45937360667814e-05,897.053237994408
-0.0970930575971578,0.000115403893024335,477.500078553882
0.147608427059547,4.26656227143751e-05,1008.92297292905
0.0332044165437473,9.22020973018303e-05,680.480758135119
-0.0133047554682881,5.91639247391326e-05,607.14829916762
-0.08381909414539,6.63275286832767e-05,485.786135182205
-0.0226456117685929,2.71658991960367e-05,987.760869791111
0.117356414344577,9.58846813093196e-05,747.21784263267
0.148662827225466,0.000111173062610597,892.125208769851
0.0173537531535537,7.38034734578267e-05,701.622169290606
0.041555865209788,2.43446065513142e-05,1241.18587628109
0.0657034925960621,8.75785345986059e-05,662.733032144761
-0.00868415787084286,9.53006773068721e-05,496.319410662042
0.00878119089454387,4.90973267946185e-05,1038.8522855305
0.0521742810245284,5.34281330650067e-05,860.86378274316
-0.0441412008148753,0.000113346510223261,1005.67868863183
-0.0623784131200794,6.93048591120682e-05,801.390217555615
-0.107054673512412,9.54882191811399e-05,522.75487668232
0.0583193681255873,4.34400365897194e-05,876.736560525725
-0.0353160301522273,2.99780641663756e-05,914.626142135101
-0.0306752579657569,9.086624057412e-05,559.698251584683
0.0183227308243279,5.27395671295398e-05,615.350406599238
0.166598291927219,0.000309010889614629,679.013592936852
-0.0649040501749118,0.000107660781984133,489.917056231989
-0.0885435404159623,6.80962103106059e-05,506.898254694443
0.251783184589515,0.000672069196377286,460.790223818589
0.154782707958152,3.5537444225652e-05,1340.53432106349
0.049408476314117,4.13621480476631e-05,916.187183028001
0.0521442797340591,2.74720080559155e-05,1453.45131818432
-0.107774743186449,0.000256746057216349,342.963143124585
0.0749038756299169,3.6411124697399e-05,966.426926779482
0.0417118151178015,0.000343093165525949,337.345653315486
-0.0703105661958808,8.31929945759309e-05,681.045848450769
0.0785729620965671,5.17617243323948e-05,725.308089882251
0.0347706449204484,3.31466506697364e-05,1039.30837455167
-0.0210337740806127,2.71576374194855e-05,953.119021778561
0.0954066670404644,7.23091502664195e-05,659.851859831244
0.0740170306695135,3.00054962040387e-05,930.617296690334
-0.0103786276819291,8.96260294685156e-05,612.485376810486
0.188438703606012,6.73474821449924e-05,898.388895575378
0.0158717110749338,1.73495943177534e-05,1576.93369314369
0.178808228020833,0.000109565266816741,901.927632968519
-0.0787849885268391,4.41610797859939e-05,791.998742743384
0.0140440147049315,8.57625656386581e-05,547.303177997087
0.140667055243617,7.0334421118136e-05,505.686226593785
0.0252582073019142,0.000116641277764876,801.606337254611
0.0121743421498722,4.36364068798378e-05,719.605416206932
-0.0778767619820149,8.45282220942175e-05,756.609610952631
0.59104114343985,0.00145164139893874,152.617611929488
-0.0124936937023183,2.85574839654048e-05,1011.87081073831
-0.0871966159211103,3.99507924411183e-05,754.461875560864
-0.0706671080025362,9.10042386642615e-05,722.704659123968
0.00106167252436819,6.07187555880486e-05,708.677857943824
-0.135736871715244,0.000241322392167531,266.040913904026
0.0521902402947512,8.20222777230179e-05,679.904651979898
-0.0299109749263009,0.000118905606936624,748.065506338922
0.118331654259211,3.60522248885335e-05,1482.35859236288
-0.0608558474009332,2.87707036165859e-05,1095.5858211782
-0.0532806328810007,4.04541012128194e-05,795.025782104143
0.0134902791939937,3.44589740274359e-05,737.335538779751
-0.0606944173456513,4.29635852244382e-05,918.290365287345
-0.171980728237488,0.000301127007342663,201.985479574865
0.0217528790392864,0.00016281827018937,308.141106814252
0.469803955854157,0.000434553858583851,619.320715725434
0.203132519993454,0.00054575129222672,237.338370004705
0.0652144961946454,0.000137717158266978,598.843943211755
0.235313731978719,0.000464505141651083,399.458393451166
-0.0662474704322873,3.46411479825429e-05,854.828936432168
-0.0202193147560513,8.24219218185014e-05,504.759629145799
0.0397113304942335,5.23903345706817e-05,974.714107029163
-0.0424263320109508,4.21921270423092e-05,686.954711154686
-0.0796513925785234,8.72356080154229e-05,1012.02149848957
0.0580171386734031,1.59213669095951e-05,2240.85397132286
0.390118918165398,0.00303215671598238,324.253105811902
0.104381646000739,2.30718703282646e-05,1125.66603171272
0.0164781266007871,2.17946166654206e-05,1075.23956981514
0.1397976991849,0.000349851636687075,903.767783550475
-0.0982976980419965,4.14440616340841e-05,1295.25415695689
-0.117757673969657,8.09058254073353e-05,415.08758767584
-0.127497316944167,0.000309537981083929,320.297097194493
0.0244482762173538,0.000285374065920686,544.79392783982
-0.0109529023288895,4.2866247226337e-05,927.53149504923
0.0595709512448183,6.70084485522237e-05,1371.66420051983
0.210888739098921,0.000349926789755534,918.98331374271
0.0220536662275352,7.43062045283783e-05,787.394966738515
-0.0758076651349714,0.00017398160941689,465.29343329235
0.0165719977894295,6.52004568707887e-05,568.818429093701
0.088460872409952,2.81031175834803e-05,987.394985346389
0.20816541035784,7.82789478045892e-05,858.087941393299
-0.0316439630224919,4.4781322656695e-05,1194.38157201777
0.0207999853252963,5.34797902305723e-05,1145.19384644302
0.00895016512191977,5.95549280641358e-05,695.73669882453
-0.0568174457338068,3.00341296407104e-05,1026.49476440712
0.180096101787946,7.52128454902313e-05,1001.55024821827
0.0634430133187978,6.15044859985637e-05,926.548678529985
0.00999729778990333,2.5537583833329e-05,1016.56266926562
0.00856100178569659,6.38696883333947e-05,790.549258297947
0.0591891790976028,0.000137592398365642,447.242449196214
-0.0644422915916222,8.47711873864343e-05,552.166919845781
-0.00239604576081201,0.000106198964311767,548.504248698794
-0.0226846531237064,3.73858208706969e-05,1260.24293316868
-0.028591933034341,7.88877291550427e-05,608.820955147994
-0.0845252078787092,4.99132004186398e-05,875.398606041102
-0.0128809337786962,6.75512034448579e-05,950.372596512623
0.0480742373880273,4.54240094052936e-05,862.425546732068
0.0260368973313927,8.23338452809249e-05,542.676376466369
-0.0351062816778565,2.27061584194054e-05,1274.14195221159
0.112914245133208,0.000146641404053636,434.777880474631
-0.0702055772957248,6.00857805452129e-05,673.657768549548
0.00606487176479346,3.13292611571657e-05,1124.37201516648
0.207473811665078,6.00720508972306e-05,1134.94387905651
0.0878169137913131,0.000121423917529303,542.906521104014
-0.00190777422773175,5.87253303311661e-05,856.805838416738
-0.0147877812646006,0.000149947179655251,1114.75810585559
0.131109257572096,0.000124597866667838,613.391003765552
-0.0518107917136562,9.30620719495463e-05,873.148848334379
0.181583626330642,0.000300096298236655,433.623781249492
0.364090465780641,0.000850778151266708,385.936408468624
0.0136493648265407,3.31243550200011e-05,646.159675208284
-0.138047897710945,9.78774092243599e-05,410.316295448597
-0.0216529777454927,3.23731588344651e-05,920.807587733753
0.321085924402691,0.000241346951686485,406.285229291446
0.0220408174611591,4.71386337706845e-05,772.525273814131
-0.0267143544495266,6.165895662235e-05,658.742104794194
0.0399564031089696,3.41042331000446e-05,859.678997873018
-0.149926308414581,9.12002157174062e-05,359.240571888183
-0.0119070217418015,7.85090233687567e-05,639.134539077852
0.0959262928346737,6.96959727370869e-05,588.668291383786
0.0632249407010852,3.28655140104266e-05,1273.57991071171
0.00273042012025176,0.000120154963495172,487.623941533548
-0.0332693987617172,6.21286300511771e-05,542.239314169684
0.0187395768771964,4.99226338604287e-05,759.135618979304
0.0316781621095655,0.000213160919323908,604.707482354635
-0.101392371314818,4.44420591342264e-05,1181.75377515868
0.020204309975112,8.7121814967926e-05,637.680391253551
0.209671613514483,0.000768857828553234,456.790313031253
-0.0147443317599245,5.98849451447093e-05,1347.83700905769
0.000658413336444959,0.000100833885059347,580.246953107966
-0.0413738019607467,4.03958751634938e-05,914.752866085302
0.0223232507466295,0.00042585115607502,402.52067190647
-0.307655373174337,0.00101455289473208,142.497289415285
-0.0165395730059674,0.000120716411201707,1225.21184111527
-0.0345245249770609,4.13632948529601e-05,836.153318439647
0.022075287551711,3.70860038920311e-05,705.826951083534
0.0680527584548245,5.63859818980515e-05,932.845173110838
-0.0882765674191738,6.01161039975869e-05,712.217692688502
0.038481447908952,3.78412327932396e-05,1385.11527421351
-0.0847992271582545,0.000121958478093589,316.792598238229
0.0328958585870351,1.58341126672e-05,1593.72114831658
0.0420886275993024,9.5669825943846e-05,573.671617211388
-0.146530652098083,0.000399679962115926,189.092954503186
0.188895605563091,6.61118750001733e-05,680.361937275103
-0.0606962457483875,4.54903649674273e-05,808.621071689661
-0.0381683392439942,1.750511842619e-05,1617.44336394639
-0.118307072672918,8.41789165863663e-05,627.14044842405
-0.00178502070346794,4.04912257001812e-05,648.247349585923
-0.0318669749989478,8.04940910882608e-05,693.673763926819
0.0781866915944446,3.49277902256141e-05,1172.38802899089
-0.051913414623152,5.52596393059954e-05,667.645855186312
0.101798840579234,0.000160098444538763,493.59591908588
-0.0385363636646544,5.95143158709028e-05,640.232531594103
0.0243693974883329,3.5243047622672e-05,788.939891830702
0.166953251923152,0.000209975737504972,551.921592056321
-0.301476834977839,0.00128660190855474,141.575356773483
-0.0826050962696909,5.05918586430474e-05,561.497383537996
0.0286928816486551,8.8993953943747e-05,530.447243958377
0.142224133732812,0.000165519499270632,425.542573387499
-0.0209967423315636,2.50061086270148e-05,1231.97493826968
0.00625653802728913,6.28566422136285e-05,463.477651524281
0.0669926201179676,3.73847540731754e-05,1086.31336110353
0.0263386827474025,3.76521722541754e-05,965.95093317179
-0.0311203014686438,8.94990202576316e-05,636.963065932232
0.0963974684791187,6.2229190433514e-05,901.191531385956
-0.0246330505848691,0.000141752163657935,318.586000050808
0.0909424070855973,4.97216097490335e-05,730.34601998061
0.0407287067751433,4.98511722347413e-05,745.312353574025
-0.0403687915792803,4.69475766355446e-05,1000.40020831505
-0.0776070271730519,0.000130350865314237,386.484401032363
-0.0490145354628197,5.47518361527532e-05,834.387301481641
-0.215938593689032,0.000644975860434174,204.344768027729
-0.0232264541369097,3.37845433870991e-05,1096.40007114689
-0.0178542522283263,3.26583107594824e-05,1019.45585376894
0.0884162406558291,5.58367595652683e-05,666.443741218062
-0.194220840699328,0.000408570352479595,248.742849130436
0.20945661994628,4.42870528471215e-05,1057.81900546872
0.0284929201685845,5.92806624467824e-05,1076.20598201761
0.0424792632563701,5.95852504369319e-05,577.023283291126
0.200613031196054,7.83228760576183e-05,681.02158915809
-0.0116617638544191,5.98663947194073e-05,1101.98450228481
-0.0080721639059027,4.60584472849977e-05,1112.46789425849
-0.0338285062027799,3.74808448675022e-05,934.439087253085
0.0603602156334442,7.00879867357237e-05,696.731634684094
0.012283077910807,2.86325150686072e-05,1058.9835875163
0.152705720318318,0.000149437020165052,652.950840311287
-0.0428986463327782,4.24925292408206e-05,927.321810898808
-0.00718346252581807,9.79755335596886e-05,642.349388793864
0.0151868955421695,5.01869669649321e-05,1093.63644460472
0.0914975472589412,5.49688106515344e-05,870.64171875648
0.101945498368012,2.37134301233522e-05,1288.7344548496
0.034426833560806,0.00017461504020766,543.93391129915
0.115789073601139,0.000121323248048588,443.532552355127
0.0231161631985477,4.30925889605839e-05,791.877341789541
-0.0368908927863132,4.88134573377527e-05,759.306896245911
0.00513846116033601,3.6947212680837e-05,824.64754231077
-0.0338055235727935,4.44186609201977e-05,530.913079843659
-0.0964954791221872,5.60691838287752e-05,611.834746240043
-0.10782220320845,6.26841152980873e-05,751.53808566473
0.0138079167442587,7.9110682496093e-05,914.814867738774
0.13639287074661,0.000101888437210861,944.104939326659
0.0305208598143632,7.06300049492212e-05,560.752265132079
0.0364085579043155,5.41078482143307e-05,455.045154632202
-0.00867926599353177,6.4454768778446e-05,755.309753673572
-0.0861105198382299,5.43126148545675e-05,660.177106320776
-0.148611545997864,0.000176743723797358,409.786275037425
0.0160018739364792,7.35747569984339e-05,592.789081703043
-0.0130993909487889,1.8665821802082e-05,1503.46357845025
-0.0653100590027495,4.99515353380265e-05,682.369155161523
-0.0429216415775072,0.000156564797299676,733.276745914702
-0.0672827245142465,2.36572760614898e-05,1447.90547320892
0.23786130905353,0.000175014901008787,788.656752442438
-0.0484666386959108,4.29322676279669e-05,913.46982962211
0.0148119840936377,5.17980426476123e-05,1008.27502990167
0.092062612735648,0.000106011631975631,489.359096117594
-0.0142758097652806,6.4297459235551e-05,637.4687700669
0.065194103820472,6.46976538913549e-05,788.008472851184
-0.0458518964735692,5.23887873007268e-05,649.464755278719
0.228568500218737,0.000198201184321056,437.03398686677
0.130532769009079,0.000105511002799386,958.271517392716
0.00795329467819101,2.77596587179518e-05,1202.08845486396
-0.0150786507553479,9.78813140366373e-05,771.944669831428
0.0553184095314455,6.00469437251052e-05,593.856773316064
-0.0605964370712615,3.13656018982241e-05,1023.63066801205
0.228966775081616,0.000109138723345002,645.001688296039
0.0586495977499726,8.551004043753e-05,647.953002095626
0.00884468517322073,3.54763524247572e-05,1040.01077855117
0.0102208670277924,0.000127496998161284,768.429981266286
0.0399334933749568,4.7047508371721e-05,659.617883699118
0.0137938211183042,5.05483109311838e-05,922.134246734153
0.146833120685846,4.10660291267198e-05,1080.10382088202
-0.0200476423465279,6.69042141121901e-05,1079.00235516592
0.0208191834853851,0.00011194909738,659.7863179328
-0.020343696111537,0.000105418922676321,836.39176803814
0.0341775656145894,7.09292113965363e-05,675.341047390758
0.284181077590276,0.000115974482404081,613.907137844471
-0.0422039300305443,5.34122046062981e-05,802.254345365681
0.0306794707899641,6.44010918769018e-05,959.133801305959
-0.107031903381402,0.000132433183821364,356.421115215246
-0.0071618722595905,3.38571675100736e-05,892.640874236164
0.0370629676750544,4.03185047195469e-05,871.140483347593
0.0474189714631278,8.3205020613684e-05,371.231999930522
0.035212011819116,3.07151592400635e-05,864.786183547041
0.0655266500582872,4.46348730569468e-05,1035.94419074001
-0.098673251383709,9.82160422973182e-05,531.99481417478
-0.182930869529957,0.000271289325761514,254.604202407788
-0.00269927957802176,2.24225661151121e-05,1107.59155063192
0.239661739343748,0.000836061513669416,615.856204778508
0.0610964752012956,2.60388718854813e-05,1102.02770922099
-0.0259488892543047,4.62495240392566e-05,1035.00841708951
0.263558785141874,0.000258234458806742,457.601405599337
0.0340402770639539,0.000108852029618872,649.187669512851
-0.0305427233090716,3.04620729532676e-05,828.504471154985
-0.0518909968860959,3.75574495620004e-05,907.482681673419
0.0196128079608657,8.6765506770421e-05,504.021906539462
-0.0163569649049877,3.8489340013616e-05,1096.04533060997
-0.148817945273482,0.000143419589546501,393.574085784044
-0.00603896237741419,9.71469278287543e-05,697.276379740748
0.0363286523349692,5.37173400431431e-05,1094.48800288077
0.0160053820158151,3.34723912665985e-05,919.877528845994
-0.0494898428031317,3.17282559848122e-05,1039.42347443891
0.055098570159459,1.64363168635527e-05,1690.1380983253
0.0036789521986872,7.96489925735832e-05,638.953033213546
-0.0217778196541795,8.21610942438489e-05,783.588024912784
0.115229576932609,4.21761776837504e-05,1332.24723403158
0.0490192839164682,4.33488778462374e-05,1040.7453354306
-0.0254872089557085,7.39605781949301e-05,758.511646534542
-0.126026656715237,5.38127174746859e-05,694.470499234928
-0.048481606870148,2.29206278112317e-05,991.634504658911
-0.0663070706182151,4.09149589584803e-05,841.361659789574
-0.0941794127300225,8.74495053393003e-05,453.223466461113
0.562569660755688,0.00110961771325056,321.509431591083
-0.0677622175236532,5.95435885928132e-05,634.108741114098
-0.00575990585731015,9.14659469196201e-05,491.260805308224
0.0791040715026829,0.000187155936970563,451.729825603495
0.0881712249108039,4.16491649426838e-05,887.913176851438
-0.23276264687362,0.000425127065105502,187.404568218177
-0.0726830067137759,4.75429432369585e-05,682.87414512838
0.0867915079816969,4.54458026485717e-05,586.153525706806
-0.00778165271287215,5.28081099590478e-05,705.13592411731
0.0322637926303135,4.63741373502498e-05,892.952229656143
0.0128373829017606,0.000108193002644707,718.235986701947
0.165384197454983,9.23502224387812e-05,705.946773951977
0.0429083682592493,4.51108828236768e-05,684.188826293794
-0.0241741437778851,4.95046198540178e-05,666.087643841062
0.470910074699897,0.000275374149643405,455.049233827978
0.113346461949989,5.23727188566671e-05,946.931651669899
0.0129531196273714,5.72766826348401e-05,1277.60589380292
-0.0608667644842895,6.9898535508544e-05,744.226415407665
-0.0357255805782096,5.41616227198536e-05,797.532124007558
0.414879814432652,0.000176611149129623,371.942806786016
-0.0622281538750849,4.27346819753431e-05,800.131509441906
0.0372249994612457,5.56871462011196e-05,612.325287050059
0.0885344175431705,3.4433371725002e-05,756.870575843847
-0.0164947936118246,5.06837486889781e-05,654.664398767665
-0.047019970542286,0.000100210668909756,496.131220532764
-0.0303328748138631,0.000337748445008753,563.647616147394
-0.066356953290344,6.21128387097185e-05,983.539568657656
0.156926024277527,5.99354553027525e-05,926.000908153758
0.0619577725712219,0.000132079264203831,482.59231881083
0.0595438921905115,8.75324832545799e-05,472.779452544699
-0.0483476098729718,0.000105583569251501,913.651922596019
-0.0449835623414607,1.72431468061763e-05,1594.99886815419
-0.0412807923879923,8.67761052895037e-05,566.821275950113
0.0372079319355534,5.61889653793362e-05,734.17406704057
0.0105327917961641,6.02982645712367e-05,580.186228071743
-0.18522011914845,0.000239184669736493,297.1968047615
0.00594994015541483,6.30082714607925e-05,786.312320206472
-0.00165405171858673,3.13671736905024e-05,1044.48295389357
0.0299751085979573,6.09215582614371e-05,618.786376659553
0.272089414215172,0.000187823667356886,629.964606812996
0.0525801703366372,8.31019171307541e-05,721.928864546828
0.0550372360455595,4.96420114967328e-05,913.054311849468
0.00463013970263586,0.000289509529418885,273.223641812227
0.00757928505202527,3.17595852266659e-05,1555.71351310533
-0.104681468282027,9.51082576432729e-05,601.397248355058
0.0627453956495722,0.000122234587460168,747.494292062019
0.012557451684876,3.65422236317288e-05,916.818374367542
0.261212984960132,0.000215689761217642,251.105011516585
-0.0329721268175555,4.59327666308674e-05,1078.85958644974
-0.0307022781001311,4.87261092441994e-05,756.740450707928
0.0358259018464871,6.34458005620755e-05,1186.88760398057
-0.0298077285819831,4.06222331439266e-05,943.752262809636
-0.0892441680727824,4.17962820707755e-05,784.202964755469
-0.0245866555434019,0.000217193290858349,465.525387220372
0.0818750710229777,7.01963867330285e-05,558.024521880898
-0.00334692223520028,2.96836340909305e-05,922.445486343196
-0.0327985503022129,0.000105299069721288,698.368697212909
0.0613810762713643,7.64608151490636e-05,695.499028309899
-0.0142611175205797,4.93901182245985e-05,922.49341346819
0.204267728344843,0.000155831796530535,464.36509575663
0.24944691692137,0.000691696506339055,220.723984301841
-0.0114667284654432,2.90260132191913e-05,1088.57650043936
-0.043538398596972,2.66822460665713e-05,1586.88432514481
-0.0191749963505642,0.000121264465546976,657.981400991996
0.016685741056324,5.54414109488961e-05,1218.61090495152
0.0067767541029159,0.000193409329689144,620.363919088578
-0.181640855476132,0.000206686447653156,256.792563664556
-0.0414039946789951,8.54458957831764e-05,502.319256143306
-0.0259990301224842,2.78758223491061e-05,874.437101646124
-0.0789102997590953,0.000176306818610526,500.713757716058
-0.13467813775494,7.48251844924523e-05,642.779231336639
-0.046327093623668,5.51278808319697e-05,916.544058269136
0.0419953858160287,3.44811269771859e-05,1066.23662939139
-0.0416452870936707,6.79439227151955e-05,617.883793206506
0.0997579347097343,4.12018765459202e-05,706.169715107517
0.0430947007953756,0.000194371318922889,644.663304588504
-0.0142127381164944,6.45810033963149e-05,1370.84342886556
0.00267231430018408,2.83105652572851e-05,1145.75616818022
0.0295282309353764,9.1929814229448e-05,728.241892721086
0.0862818398217712,0.00010069612414454,955.766588511627
-0.118760138629767,0.000127828581713553,406.546708895189
-0.00938552389398165,2.52162704905205e-05,1208.65957002146
-0.0354360033380911,4.92528648863044e-05,612.655473705546
0.0731684043312939,3.18165733766145e-05,1133.70100937357
-0.0129832054233593,5.78309110974328e-05,739.657560183888
-0.305232073762651,0.000652015416120999,259.45791945332
0.0125879941389377,3.01332777468113e-05,1200.06063324728
0.0790019205477312,5.44695236105696e-05,619.498262624029
0.0789435013319415,0.000115887178216651,668.856393211052
0.0232402647870212,5.14319718864502e-05,1042.66141199097
0.004084709394112,3.09929752736699e-05,1112.04084394318
-0.0530706533167174,0.000138774792734459,202.96655745682
-0.11035213133865,8.19894682301543e-05,583.116566499721
0.0725652902609073,0.000135304020749863,329.379665666621
-0.0420445519415765,2.25636719424107e-05,1449.58573749937
-0.0203798621511372,3.26815111659569e-05,1238.12938321913
0.486649643799245,0.000427085621468413,316.990970554376
0.0577728984429566,0.000103672373482913,450.791008254579
0.144481457261221,0.000104747070024671,392.279390020399
-0.206649364804035,0.000221031241698863,385.91020849319
0.0229840521686033,3.63956815529579e-05,1498.10033805835
0.0311372979565797,2.86741267681398e-05,995.398735306307
0.0218273102351059,2.97145445505487e-05,974.987311893363
0.0987074284443474,0.000126178269618575,445.98821234025
-0.0750060014175174,0.000433469288999567,295.595942466973
0.066232447106444,2.99924286607551e-05,1041.84122579136
0.0157485291225807,3.11401699548215e-05,1258.88141933406
-0.0240491050188759,4.47007564724339e-05,862.254124193739
-0.0227825630481557,2.31495068027211e-05,1014.35134496954
-0.0590838249422296,0.000103270000008172,661.672425335698
-0.0100938088728853,4.25731983027999e-05,537.192274290311
0.170277613068756,9.49064537184713e-05,1232.40597677766
0.0287669629843164,3.71348161676932e-05,1155.85552414207
0.0386113575755999,5.80817033842012e-05,737.724175944792
0.0678840440425486,0.000123521766935184,533.770831587455
-0.0126434674558463,4.31015456325574e-05,698.945745342025
-0.0354008348090973,4.99254645704283e-05,567.389290199049
0.067985189515642,8.92876142564592e-05,759.221300955664
0.0209881416731383,8.60615446808674e-05,639.589627774226
-0.103737329555679,6.21900250412184e-05,838.444063462341
0.0353356639835923,7.85351312063438e-05,460.81889580326
-0.0153953896927737,9.95584089223671e-05,537.973779555766
0.066346889109354,3.84409511266351e-05,819.139716554023
0.00870807803176146,3.44748273648661e-05,1329.30159897838
0.0361413272977416,8.2983273621489e-05,498.265724839459
-0.0251481627819387,4.24550580234738e-05,699.187871123528
-0.0228649465581841,4.89784030534741e-05,1102.97176514167
0.0596672655646334,8.35445036516577e-05,558.072616176722
-0.00772202499586602,4.69897298194712e-05,1050.57795841053
-0.0497337753034987,4.66686363028378e-05,729.593705220175
-0.018778819113666,7.2037218225251e-05,917.820248855656
-0.0123570662226216,3.06585075815593e-05,1151.22361652702
0.00133905598791639,2.2724036829254e-05,1382.34062127338
-0.0900904032834203,1.36789213499935e-05,1885.34580733077
0.130299066990547,2.8911128953889e-05,1363.92022694449
0.0159402933397187,2.25016900985136e-05,1360.30314764596
0.0421632897611483,7.2230288018628e-05,1114.62727204406
-0.0596430886842064,4.24802959364262e-05,697.56658455456
0.0347958592967293,0.000102045480181405,485.436096406262
-0.000944359847398065,7.86929061762228e-05,947.487104042313
0.0319833678481765,4.11480468426842e-05,821.338199000302
0.0380088931134634,2.92646804287804e-05,1159.24389887909
0.0467893671074201,4.7450373888095e-05,705.583125342345
0.0206745856626851,4.68235791392287e-05,756.857920656956
0.223481143094878,0.000243025795026533,385.713018208847
0.0190801797934131,3.89199279695791e-05,828.159778752152
0.00799938225514965,3.12336198514263e-05,957.465699807575
0.0162992217891431,6.64780838773614e-05,664.160488952415
-0.0382816330087902,3.51453554741106e-05,1039.48163477212
0.00545189158866592,8.02840163047227e-05,1048.54712195688
0.032671860753071,2.36342780919284e-05,1121.69122829851
0.0715567063131474,8.33079135768933e-05,520.97029617829
0.00195679527045319,4.45509829728831e-05,850.781731883882
0.0101115109760626,0.000158215807473949,497.43883231688
0.0135075242856046,3.42883587111906e-05,879.45507372067
0.0115095375020882,4.50277251549813e-05,1100.50388880251
-0.0162262044973139,8.96061617926169e-05,776.147747076277
-0.242824895739777,0.000413842594672446,211.117695918265
0.0178535590028237,5.812040700787e-05,581.963969742181
0.0122448449203122,4.776293578883e-05,992.711366978093
0.0178746732800647,3.69017527074319e-05,1054.072870318
0.0371121653435198,7.62961013692868e-05,437.861441454712
-0.112365068978007,4.76505889002509e-05,767.764407884134
0.0841661393218152,0.000119408738772388,548.450856182533
0.0324695763080463,0.000135885542887073,485.048219822282
-0.0221584080976264,3.90552198784797e-05,747.512511370762
0.101655732696136,6.43456836962361e-05,586.787435291707
-0.084187786589202,0.000125391026573503,609.788426572822
-0.00357254157391306,0.000195052751711415,535.308059786989
0.0220674576240943,3.09469855669316e-05,877.083536821759
-0.0508742054898577,4.08995707354932e-05,899.231965337052
0.0344151061688886,2.48894143396018e-05,1091.69991898979
-0.0737267297137749,8.68414454032846e-05,583.449970933314
0.0334744769282644,3.89949760225962e-05,783.11879845322
0.0166682651141611,5.35481871632009e-05,606.240966873326
0.0337709935503304,5.32188249747127e-05,950.006141604719
-0.000219556974140355,7.96999856769231e-05,673.679307318777
0.144672848236073,0.000287461552419055,322.477314778286
0.0300445971852819,8.40143673401111e-05,619.01714284498
-0.0452962954058716,8.65675437218668e-05,651.002495816162
0.102844047595569,9.88091267700796e-05,812.969891164669
-0.105741828371661,0.000105807527806863,345.226963475932
0.0872913576760686,4.77261351254692e-05,714.018046337495
-0.0101794083481941,2.76867453279147e-05,1078.85246798581
-0.0839819943487414,0.00010307373714276,442.749085303806
0.0256921684576371,9.92551580127111e-05,559.571280825641
-0.142974061072228,0.000783230695689245,152.552457560054
-0.0556565701994134,7.09609671036449e-05,675.445780046761
0.00859969025212178,2.37010449909417e-05,1277.89572604614
0.0022046805456072,0.000169942702251049,546.591509711741
0.0385156903867507,3.9019619641366e-05,859.002102543374
0.0217613587294039,3.42859707780595e-05,1206.30087029005
-0.0877313388429635,5.13751560424629e-05,1065.49298917146
0.0807701007523483,4.52863847205285e-05,1044.9067898914
0.0324084515795443,5.3037997313257e-05,1094.83694769384
-0.00874431936095751,4.0429174185758e-05,986.917217544528
0.00942659706817995,5.2289499899963e-05,870.994341277122
-0.036835887807099,4.73432055440389e-05,536.069013360292
-0.00972289463387151,3.9861387544919e-05,1146.87482832536
0.257163033882899,0.000728366740176444,159.447317881839
-0.0166941029823804,6.08639704842196e-05,1060.02036008805
-0.0337218807886025,9.00779067799626e-05,996.680369136423
-0.0470343935217321,5.34977509725761e-05,711.44444940235
0.278191823539578,0.000142716035085874,363.80821989733
0.0262450753211857,6.41570064753741e-05,1048.59393384669
0.0106342093491446,6.15837341379534e-05,858.574012738271
0.134114984349104,5.4686329694673e-05,948.513875550014
0.112210178588473,2.87000484505361e-05,1554.97909492046
-0.081054984007319,3.88375775972081e-05,974.234738036788
0.0243362303708492,5.2201931523461e-05,755.814752363787
0.233146861159659,0.00140329096221432,398.806777015725
0.038078529828475,1.75037749189834e-05,1728.47010170514
-0.000535397976666064,4.92470866654839e-05,810.424801170243
-0.00470660055807467,5.30816735488174e-05,792.80797857278
-0.0586226060444328,7.71579593087988e-05,526.542153988526
0.0495243448603182,6.23649153837367e-05,518.962731490788
-0.0176461634683122,2.83700811747376e-05,1262.76983587899
-0.0172912638097924,3.88725213384743e-05,671.880007699497
0.0190878888026001,8.48704784749877e-05,808.010274358048
-0.0458592084351711,8.75976308418346e-05,623.766217894584
0.0150514265216041,2.86785877434387e-05,1026.54131251924
-0.100520406242007,0.000130985375193648,575.915175729897
-0.0080423629411731,4.90236658004601e-05,924.525048448188
-0.0132338754996905,4.73432386494373e-05,882.74144705001
0.00123078014884838,2.79546100454353e-05,1098.80674338909
-0.0552138244028577,5.32799945024666e-05,813.255413937997
-0.0631217576073119,8.32685575790832e-05,491.169635791196
0.0355633835207147,6.55911858929911e-05,475.056482887156
-0.0588093525520759,2.69280745920476e-05,1021.3770557991
0.0696041652821567,9.12350728920999e-05,363.586015494613
-0.0290991730132107,7.62869398062015e-05,857.489206173378
-0.0407364592980996,7.49551531351202e-05,897.210472286296
0.0322951287663929,5.64511176797675e-05,822.521166535784
-0.0370311842606749,3.22691195356603e-05,1046.54816371534
-0.0563495647290602,0.000120135865511427,512.019347244167
0.0078689248389753,5.00689106568141e-05,838.909750803003
-0.00360917657444157,3.20663792310081e-05,1043.56352878716
0.0385426328337075,3.42357621158024e-05,1169.14963431424
0.0788126771535827,9.63320088735236e-05,661.018203477983
-0.0384138368795843,4.88182341196859e-05,591.770184145777
0.119929497701913,0.000123949919583621,539.633886580496
-0.00612670403602697,9.44813839543087e-05,855.046324491339
-0.0467902990813436,5.054947594296e-05,1113.86505225255
-0.0553769226821889,8.86044427834255e-05,1186.07266477043
-0.141356491939852,7.58161761652679e-05,494.915752225051
-0.0118321227697587,3.94105980475726e-05,875.662579490244
-0.0978653751378913,6.39541740186655e-05,713.594098020935
0.0316093673343715,6.82117658679186e-05,643.053234251839
0.0115337930027269,4.64265724523161e-05,667.129850419014
0.057011410774429,0.00025680240415067,486.332803844746
-0.0258438645184273,0.000213308985689316,488.110508571249
-0.00290764024306315,5.31205726832372e-05,574.238989880407
-0.0752600758935359,6.25390379462795e-05,633.191225210873
0.0663177555062643,4.20505472985944e-05,713.703079907141
-0.0112294290741904,8.23374163537185e-05,658.534011104958
0.014662067274031,2.10268937282633e-05,1310.46872251177
0.50640422770429,0.000218199423843291,444.877516523021
-0.00496364871221281,0.000124954914989613,1229.66017289321
-0.0156591605590231,0.00011861427562651,558.580354598276
-0.141166622974585,0.000159460587635786,429.707382580167
-0.0458922673402761,4.56750384843638e-05,980.464860149682
0.0572412212772181,9.78891386313732e-05,988.840843860733
-0.11316726826304,6.67203058048745e-05,669.582779295356
-0.0491796624683703,0.000160965775354917,670.330247313203
0.0112886584045556,4.45715781918485e-05,1137.59512880093
-0.015804552343346,2.07573615123151e-05,1343.82432627597
-0.00454254998302624,3.23383479015038e-05,1090.07693313209
0.192580365041961,0.000279092964283331,534.138360008323
-0.0260413373597536,2.95504839896562e-05,1047.64614798308
0.0798236315960013,3.15489909021393e-05,932.072234349592
0.203959844575971,0.000264511127806442,292.607942663522
0.0666465867483602,0.000149608844989279,513.865061875702
0.0804314224490912,8.72529079179091e-05,678.475760716293
0.0410578403375673,3.814168619694e-05,1463.40648361725
-0.0159027402623086,5.55455409386651e-05,543.483176435914
0.257117075452764,0.000999901170999986,589.031129696139
0.185529095721094,0.000150362207733007,525.838186189384
0.0179724139056052,0.000351840037558826,950.432950397313
0.0969248856567817,7.4185666330656e-05,1256.59837797714
-0.0529261055432611,5.8375305059509e-05,1156.97664598653
0.0450986799423571,4.62948506196589e-05,690.509022990997
0.213194413794135,0.000296481082214218,470.491638498148
-0.0318628968302285,2.49431824331379e-05,1154.60070598687
0.10437066194919,5.75304512814472e-05,536.225932157031
0.229686916823301,0.000147046904870114,569.977212307779
-0.0118587023790528,3.99069395037605e-05,1852.69965866635
0.0160748403977672,7.26101170198046e-05,655.560873080302
-0.135361905145555,7.92466543250106e-05,854.494398717864
-0.0819298705610281,0.000130108534906603,571.948588742062
0.133495660675031,5.03392809007359e-05,1319.94631921586
0.0194168122537749,4.03507655866916e-05,939.742678306431
0.0340213796468443,5.60136349108765e-05,753.088982510858
-0.0337061942306155,0.000174855145376795,679.989866920001
0.411657511238276,0.000879315288138456,371.150226305191
-0.0244740737255849,4.65516758825308e-05,739.091211171176
-0.0311087630103888,2.42501058978211e-05,1088.14825073373
0.147252908184692,8.96213437959605e-05,645.294648822578
0.00763644706229124,5.02056878809955e-05,876.141885378305
0.0725856517822287,0.000216817710874249,469.198994146526
-0.0265778210708889,2.91770311027805e-05,879.846573262079
0.0549554853000131,3.38640350081481e-05,1461.4433648264
0.0176891618079804,6.64496965989151e-05,504.656251746964
-0.0174579605554208,3.23920991606404e-05,996.080512402842
0.0306287325593475,4.09979760110797e-05,807.500717707306
-0.0994004224552255,0.000190809543017897,327.030097525358
0.0641881050720905,5.05943121607125e-05,801.361788705309
-0.0500333849574611,6.55682957387018e-05,481.154112740657
-0.100650010619128,7.90347100887037e-05,337.052045527557
-0.0422154472824531,0.000100600477681103,610.984481505415
-0.00704546069653657,3.31277652033419e-05,1243.18074739592
0.0275829869936059,3.40857705834714e-05,826.757320285485
0.00735286235277576,4.91674416817276e-05,1132.8096068945
-0.0213013249705381,7.66329208836944e-05,912.854643995624
-0.023707884257902,4.98202049865327e-05,611.209605500454
0.114375763105721,4.99689141626687e-05,810.865944611154
0.0441810279448801,7.45613122318571e-05,721.732891250468
-0.035799807721927,8.61757942784783e-05,616.967467086424
0.037297620560851,1.89260817232497e-05,1609.50346372838
-0.0695508816013145,8.74210394993983e-05,656.74909146431
-0.00908526217123464,6.19712380097522e-05,598.572000485712
-0.0550115491537969,5.16710323756901e-05,880.895124247547
0.0218658897167269,3.26801422440012e-05,865.870698075261
-0.0319877059299644,5.62844575992181e-05,882.7906684467
-0.00222903361620974,8.25322695833093e-05,619.6706367083
0.0175607205373068,4.73063385049535e-05,667.074809899972
0.0967964714592871,4.26860881844173e-05,1136.65924899739
-0.0068205480418727,0.000159270964268379,668.460056381953
0.161425741422567,0.000263507067829438,670.405086077369
0.0624124553079007,6.86972033478667e-05,601.170208335758
0.0372959632976874,4.40590360423533e-05,897.041554738322
0.0241200558275588,4.06789526796135e-05,802.416430920012
-0.1310368571661,0.000125832540172627,383.524038399022
0.0451458796678741,4.98110731169065e-05,917.044489620223
-0.0594379199088987,8.64268525519624e-05,602.300189700902
0.0347881761802603,2.92438468590654e-05,1055.42846777183
0.0134938419071369,4.33719121441633e-05,834.500785416772
-0.00894301022253395,0.000175476724350056,566.751979608118
0.000400228001090501,3.38999820209361e-05,918.546494631206
0.0172734571164672,5.18254499018744e-05,975.411122375353
0.028470016105585,1.91153408660095e-05,1427.20547607989
0.174990183011501,0.000750566321325965,716.553931041257
-0.0126875194306705,4.14367670716713e-05,716.219714515525
0.0610294611548288,0.00013106608259235,384.369785774804
0.0729958241838258,3.7668261480735e-05,1078.39202709518
-0.0287887246158925,9.8196562461552e-05,269.389641862131
-0.0413907371891068,3.67479427626215e-05,1056.78517668025
0.0493191059141006,5.94105967512837e-05,713.726233067878
-0.00265141919488158,9.04870582937214e-05,571.374617382754
0.00646852363209772,3.65786340907373e-05,1053.05405446939
0.0613453273942652,2.95905043637068e-05,994.969981348458
-0.130150491857617,4.63544337511334e-05,841.868844093644
-0.0284434063347246,2.36850802294265e-05,1138.52145992152
0.0303403320784299,7.4227694849385e-05,1109.23525462239
-0.125485296137887,0.000125432725325606,404.209468052526
0.0519480858431897,5.75676532091934e-05,736.528438343866
0.0579600357284216,6.66518195299467e-05,719.218296532916
0.0463149578235082,3.14535998341971e-05,1252.26918099198
0.157942826900973,0.000130465625062282,778.862568246495
-0.0251018396525666,2.11491620205091e-05,1178.33681367594
0.17930671494451,0.000194232360761355,368.734492333489
0.115712861762589,7.74668813956154e-05,1170.83145521572
0.0667143418004611,0.000114792637982846,864.89425466709
0.0257213542089271,5.23488798064913e-05,718.784438722619
0.031649862514963,2.8368527091302e-05,901.565507144471
0.226302327749623,0.000310964334180324,292.063093974014
-0.14060897700569,8.56040573824086e-05,956.545568456717
-0.0375310133471559,4.3550424231832e-05,960.981279626386
0.176225069601617,0.000518545482649419,1089.38323030034
-0.0397726357766011,4.77697372043362e-05,833.941674324793
0.0134528708518048,6.75962877962406e-05,854.119530823972
-0.14115719111559,8.07272040357982e-05,634.631909120629
0.194475329164527,4.07716126880428e-05,1268.00428280955
-0.0800445151348837,4.6650912921432e-05,634.748326192411
-0.110406001983435,9.55521907529107e-05,460.646427141592
0.0914118327598781,8.20022220213738e-05,705.698617522736
-0.0280293256417966,4.09571324134404e-05,1111.37405089195
0.0114367557707446,3.49753925621714e-05,979.6607147025
0.146240338654232,4.98984482581742e-05,795.648838277177
0.0479568037496205,4.31911176004806e-05,1412.38607383517
0.00238057647177756,4.42328632348709e-05,809.210016435121
0.119362785438605,0.000167379148843809,247.121558287967
-0.0131593775259011,4.20069723975721e-05,779.554951447791
0.0524223598202477,6.64483290653129e-05,531.212225140526
0.134901296901835,3.65712873767888e-05,1511.55239367346
0.0695322502499894,0.000185602609854043,958.671412398823
-0.0368234472513974,4.17625120288132e-05,729.544624072458
-0.0175983600778995,6.26649078287142e-05,810.645070584302
0.0340845828900096,0.000234492930755745,839.465548422214
0.106184315091899,8.44001539591499e-05,362.968265075089
0.0781888171416802,9.79243646907442e-05,1095.07861127449
0.033824101387073,8.76092736206868e-05,389.961517569916
0.104983010339701,9.08052442096196e-05,467.318142835546
-0.0933367915285934,7.6646725373195e-05,428.164251644888
-0.0631324764603186,4.21739428599219e-05,663.836426403188
0.0308726824640774,3.41337323419903e-05,1018.07552779573
0.126889452756311,3.51199582650571e-05,1106.59637483317
-0.0268136918984361,4.7183574068575e-05,684.035361274073
0.108574836130748,0.000331164569538977,327.414760673788
-0.0164381271164151,6.18698577609249e-05,796.41566135174
0.0595497832090868,6.21714943665839e-05,940.14880813761
0.118941620904954,5.91445132989053e-05,755.189702382625
0.0993226463370639,0.000273915431599501,718.008877230641
0.277259655701026,0.000329976015276219,275.338248113976
0.00989555204313051,3.39812034679178e-05,1046.16622248716
-0.0664951173773141,4.89628017067032e-05,568.198683018378
-0.0663233752352228,0.000115534858524785,488.153434929782
0.00116878905756636,3.49094150550873e-05,1247.85317836344
0.00715268280266168,3.42055791970333e-05,995.410325804932
-0.0373737542650944,5.92742755898696e-05,717.207367264444
-0.0581934310307042,3.972527730416e-05,825.719279918885
-0.00537442160240502,2.08469091920819e-05,1708.38858696043
-0.0595898453613262,6.20950076421193e-05,569.705702325669
0.0169452517733292,3.18018976578474e-05,1252.99359103437
0.0449515827507961,4.79184297656787e-05,771.921514643326
0.0161946918795274,4.19311669956854e-05,718.980573930478
0.00386341163971563,1.37994848376417e-05,2015.63334030803
0.0797286256893833,9.99182003834121e-05,973.818780901074
0.102576206583401,7.3418224269416e-05,683.653547020562
0.0125011741490495,5.4379868866879e-05,882.740042772656
0.055548715945293,3.13942919207461e-05,1235.6401250385
-0.0375242318173533,7.44374701950871e-05,792.873952248757
0.0813618431774895,0.000143810359352248,615.831260488938
0.0482774149406015,4.48941335151271e-05,877.697021110544
-0.139265769215739,0.000107556050520186,411.191421109515
0.11114349782065,8.99127340211523e-05,1208.17762473566
0.00528765057108091,5.85403593551923e-05,1022.92681919906
0.12477049171124,0.000166017753738224,455.828893569321
0.0148758413005587,6.05267671714752e-05,776.380386645228
-0.106050589371682,7.37328360436653e-05,557.836903144785
0.605330794062151,0.000625412471777815,291.068465436569
0.013193833845341,4.27051777118061e-05,1009.71882015918
0.00870158416646849,4.12920647402558e-05,826.257697698391
0.119133495319255,5.60205747285634e-05,727.756520788291
0.183439041705912,0.00011146560828225,638.591767156762
-0.0524378795467493,5.3636788062143e-05,637.721041645818
-0.0606622458696962,4.91222033902044e-05,693.814062156521
-0.0546025325306536,4.5251599296837e-05,899.981886063402
-0.00768272255790575,8.41486204494612e-05,464.38733220681
-0.026323752054084,2.32243911416471e-05,1280.12441617591
-0.00291726053196056,0.000134683790269875,714.548718546799
-0.0345280715772693,6.99989433119669e-05,672.364957384066
0.149225260248691,9.18608263931898e-05,668.545061000152
0.0358196178854683,2.9309337372542e-05,1246.83349465208
-0.0951246821326528,4.879599919599e-05,614.959574692541
0.0284328102822469,3.90679020817764e-05,1128.53083230482
0.0608922997109494,0.000128051795247831,1144.89138322679
0.0264029659126938,4.90659408033548e-05,1283.98559608208
0.0012316309350722,3.82724578645604e-05,933.147263715485
-0.0748509826101366,5.11759715407269e-05,594.334283537026
-0.0669292814780211,0.00011576765744546,624.49849264925
-0.105618970649957,5.28409372418596e-05,661.50155202325
0.0816426186986796,4.38379561180142e-05,841.713287330363
0.00857318667236495,2.65309689253304e-05,943.500581609071
0.268371732513419,0.0012279042180143,408.874892017279
-0.015598097841468,7.1749580341879e-05,690.490125093952
0.0670938534638988,9.40698165556891e-05,777.873948952379
0.0380921878879069,8.61361061761293e-05,1280.47360497504
0.00026190063344438,3.06747134115744e-05,1001.04050210838
-0.141751721841609,4.35606083754698e-05,920.033065901482
0.0108205656156841,6.41107747959692e-05,700.347755347193
0.062982853063219,3.15977677230266e-05,782.500520350344
0.02883753114917,3.25626526349983e-05,1157.45975008044
-0.054626673564586,4.32554065843279e-05,830.628073826715
0.0809720834893718,7.15055675578629e-05,522.453857686056
-0.0169359083261947,6.26205354834676e-05,558.796062354078
0.0330485241596008,3.48753715556283e-05,949.190385149955
0.0561317748316534,0.000117627426200914,617.68622681394
-0.00659757404423592,4.14736729430409e-05,907.411145564892
0.0307541651866161,3.7643399453673e-05,806.962940148713
0.0660485277073472,6.98577840917457e-05,535.054951515341
0.622423584659085,0.000252255011209854,367.483603074453
0.07025876401742,6.01916257420651e-05,1281.47990320784
-0.105410819642283,5.02810886780233e-05,592.56336496411
0.0172784978865095,6.08113825192208e-05,842.011433863865
0.109748136808399,0.000105127320031005,736.802343788861
0.3116006681254,0.000318967420105002,510.317522483724
-0.025504927610008,4.12142948054017e-05,936.499994670632
0.104543859804445,0.000174851929949473,493.349551159693
0.0264135178971845,3.56757517758112e-05,844.948402150854
-0.0307587806899679,0.000122775915023922,761.805781108691
-0.00739310401637385,4.7414548226384e-05,837.286975204044
0.0918162320752261,4.8132680343432e-05,1024.24276350643
0.0665019757694567,8.46390437120503e-05,683.567225351405
0.00027641986301238,5.56233326742873e-05,692.793197280042
-0.0346695956895506,4.92445968444063e-05,713.839285782131
0.0622144220897051,5.02874902285527e-05,652.989180083004
0.00506360277243493,9.9470338094413e-05,721.727767661413
0.0465810637770555,2.25898190060972e-05,1218.64806897479
-0.0879470359424215,0.000114438520148012,438.455707323346
0.0257692670668939,6.15548500013691e-05,688.340179269937
-0.0461927737413761,8.29575290584173e-05,643.212456117015
-0.0423059204309099,6.80398971881485e-05,642.504832119122
-0.0234639612070576,4.043211500221e-05,1176.22042370869
0.361294610376056,0.000209812220248143,373.424441204132
0.0820365590241297,0.000227576934038804,510.48025945363
-0.0965599528801056,6.0564159003014e-05,719.907974020195
0.0496516082506215,0.000105147598044931,821.583984992261
0.0826963170038643,8.6045030467748e-05,531.317586408401
-0.0778789695717186,6.83398311170313e-05,520.700637586395
0.293270128179039,0.000104428165913165,691.81259461618
0.060504850338658,0.000140551335521041,805.778366327183
0.0511150049539446,0.000135867911429702,909.596011884948
-0.0427411972153396,5.94982570688609e-05,1004.77581356406
-0.0124678723797816,6.98431190382042e-05,600.471580717496
-0.00326761098289098,0.00010841846752251,471.35182965169
-0.0468057868230236,6.20444306571967e-05,771.302049808261
0.0511927600440687,4.08576886964811e-05,728.849515805833
0.0262789011149073,9.74939522927871e-05,871.923228669523
0.148923900285694,0.000276461258184298,255.68835507828
-0.100743377827405,9.22393700595162e-05,595.409991638994
0.0147493544224633,8.18906704721478e-05,796.274460872538
-0.0480617986596025,3.5808378601416e-05,786.996267013463
-0.0190351980561141,2.70227026443689e-05,1496.14541992728
0.000131796513272411,4.04685300597345e-05,995.733563029358
0.0299263629227008,3.27775806977534e-05,989.664926515273
-0.00656209025618088,3.1764694262798e-05,995.953979171894
0.0220941667827487,4.88417645899105e-05,1021.33486922106
-0.0205868157922608,3.00550893513442e-05,1081.81087106876
0.0435240307313391,5.11031443201677e-05,1252.15557094525
-0.0183797965481437,4.57507829417845e-05,901.575791136055
0.0283543861879977,5.68398536690208e-05,594.955061624308
0.00623962356699149,5.32501143658316e-05,647.121832478177
-0.0694237309945333,4.39659144887653e-05,635.568281926868
0.0122741702494613,2.20157351706541e-05,1125.55304464155
-0.000129153557583342,8.77639484616174e-05,785.927210684811
-0.0677540436336947,0.000101771928490844,610.01889685973
-0.0190100055437153,2.49827547589726e-05,1117.49677484767
-0.0224877368904955,7.58550805290813e-05,677.054287471988
0.0187479015996681,7.63313510998182e-05,698.985916526372
0.00138654260080999,3.81701892252812e-05,632.4424387497
0.0735584838427135,0.000145761689819599,615.709892900199
0.0116549114068161,2.64710811970339e-05,1090.24716434396
0.0321469783831238,4.07302751684024e-05,1064.75528736381
0.0940444350218442,0.000213386381363689,564.690623550645
-0.0446642696892728,6.32857412463794e-05,704.282693715696
0.135252934676682,5.76819121556158e-05,1138.5220185068
0.000878791334834403,4.98986260745483e-05,843.955859531772
0.0508836912753479,7.95502283986905e-05,497.85785043953
0.0416040708019041,6.9325281299814e-05,468.576173899542
0.0124516986873096,5.65754313924599e-05,1059.28141163295
0.191656077862291,0.000127826924499558,379.740395451218
-0.0771910367103504,6.2306755222353e-05,732.336070671791
-0.0565568537955206,7.52468804207439e-05,523.854622191395
0.395408934497534,8.57536763764693e-05,475.511922912828
0.0931496129716172,6.05849691094704e-05,635.802015659649
0.366727422319349,0.00107572607394526,324.232105441732
-0.0308311209417901,4.95184336586121e-05,1004.42551703452
-0.0707925490433551,0.000112897684030086,472.96796363121
-0.0812872695373269,6.36452253929874e-05,429.407358537652
-0.00125426181992522,5.35323178547712e-05,843.314633369627
-0.152286472569488,0.000153980465949472,346.806359354176
-0.0487292523925149,7.87906781897248e-05,663.428733075539
-0.0374170665776766,0.000143134177207623,730.179782912795
0.118159819294419,0.000142181809579389,550.48428600561
0.00754878752062232,5.26759732059852e-05,1141.27085530816
0.012361877288857,4.71125961464518e-05,759.543625852611
0.10711503259297,6.11998572841637e-05,889.13486593358
-0.0285815427270892,6.0713494930848e-05,547.867996645971
-0.0486209405045009,5.07758718833296e-05,678.108632651712
-0.0338025896185094,9.76362269712595e-05,899.064020271815
0.00246371918879139,6.18112991374749e-05,1044.57733566958
-0.00339869704611105,7.87064382489879e-05,1137.17570032069
-0.0491332597701745,6.95951017660501e-05,581.028479820406
-0.0794034719485294,7.1109946012009e-05,612.705822453366
-0.0561719025093005,3.23125359978139e-05,1301.57552671436
-0.0745250331302434,8.14618238773083e-05,697.38156215463
-0.0249960800921987,8.57141005007239e-05,917.537506331933
-0.0187938500612086,2.76040004761677e-05,1332.07697049854
-0.0447819250979771,2.73163299395764e-05,1194.1135094641
0.189500597947299,8.36694145100322e-05,1081.98025733107
-0.00750749442014978,3.16759983177853e-05,981.105271009594
0.0541433790889309,2.84325918998135e-05,1012.32822633251
-0.0516340301122038,6.05918294988952e-05,577.843901768222
0.105000585874005,5.00155485952827e-05,793.853818491743
-0.24716242115081,0.000297891533405043,242.194379694137
-0.0864079297016191,4.42597822571459e-05,1095.33229157294
0.588116551747614,0.000128214539199767,447.308040113001
-0.356645470851401,0.00105073136788272,147.524302856
-0.111634981942747,7.87340411324896e-05,538.66131070918
0.129306648166661,0.000178878852562847,415.393650645564
0.0607041756407806,7.47791136711368e-05,701.818246254787
0.0246438050509028,5.30491591360386e-05,679.943639438373
0.104990025593615,4.91686078004932e-05,1152.86374628824
-0.0521785308375488,0.000101737228534781,386.754012999605
-0.0138625687179257,3.27039081814445e-05,916.207265563166
0.0590775003542168,5.77703878077953e-05,588.308483917068
-0.0056097634867863,3.94980424707005e-05,767.729228957369
-0.00468845843205483,8.31635087468142e-05,863.584798702008
-0.0169071298906107,3.60907069127822e-05,856.510117704853
0.0455240556934289,5.45328417426517e-05,619.401927932652
0.00323864378754724,8.81591323498421e-05,739.573952607618
-0.19387392849502,0.000304894085781769,216.930508139958
0.0554384017378515,5.22232838667008e-05,1145.59284899705
-0.0765470471318491,1.35377935032074e-05,1451.18749838852
0.0790681766344,5.23029028117209e-05,629.602061186713
-0.0253789332699038,3.363767754484e-05,1105.01489562348
-0.00602090372694599,4.30234868443336e-05,968.158391544488
0.00106929898483712,1.65487923890718e-05,1703.09888170188
0.14835985855561,9.75574538218295e-05,673.703921860056
-0.053698760561915,2.14445917748871e-05,1703.49907131843
-0.0647580097090732,0.000117383920628604,655.526114608413
0.0444400222714266,0.000312329410295641,207.591996602271
-0.00191304856106379,0.00010728453958733,383.239324267131
0.189248609556142,0.000375055080400675,311.120153870427
0.217005266567809,0.000204280629699262,348.979842475121
-0.073263719480744,3.75803478831102e-05,835.906945286559
-0.0436278088989927,2.3295560393715e-05,1099.02669559701
-0.0732045274181249,3.1216110719575e-05,864.424227759831
-0.0109492953413514,0.000204916054581703,469.237283079447
0.0291445561947417,6.32315636899784e-05,762.397942626546
-0.0519441166161665,3.16795070560619e-05,1165.71854967973
0.351981289234001,0.000586860888362437,428.277829232673
-0.0288419093462561,5.64094518863652e-05,838.589074877894
0.160726684301355,0.00120986389652045,501.462488042244
0.0673523527309454,3.23740850692235e-05,895.967670815204
-0.00686105070155094,3.24224846898082e-05,861.971429050368
0.00442791180240048,8.32243731481681e-05,716.055744519146
-0.0464186874756972,5.62489220659128e-05,734.389252674559
-0.0397342453907748,0.000157542327413993,527.703257679952
0.244018316595562,0.000166614735146011,414.819384926929
0.0763881030083502,8.25865323897563e-05,656.639025718131
0.405296946493503,0.000393451664052901,176.501971987015
0.155219040167101,0.000233335343181853,476.629502431068
0.280143417544752,8.84725765802183e-05,612.050934894743
-0.00868851927327107,5.31545114713668e-05,1041.36972052563
-0.0478540349467933,4.73759592601299e-05,1021.25683148184
-0.0312740957980428,4.06970342606026e-05,806.502358923019
-0.0723086387127255,6.20396217247676e-05,562.144031361312
0.0535040177135574,0.000110935432006155,667.47750671719
-0.128280272355738,3.56755143467146e-05,855.055867320036
0.0230837390554182,9.65544898153067e-05,437.432816145313
0.351864201209858,0.000281736838392795,255.724948485837
-0.0418395677772576,4.84377819907956e-05,840.110918230958
-0.0275174641758965,7.3659476438748e-05,548.471528041286
-0.0296511181882059,2.09376901981427e-05,1344.36646680938
0.0193929414331278,3.53667776026021e-05,889.662811840388
-0.0668389181543452,5.30004746504656e-05,672.158580829999
-0.0757592057753913,6.51668916056906e-05,823.804200714286
-0.0335988198213099,2.73108695034907e-05,1215.46660024417
0.346338164804369,0.000112669086562352,636.125994113366
-0.0288736542466374,6.93008591458671e-05,493.291811755563
-0.0484559853721793,8.43387002394619e-05,675.801279246504
-0.011723106598615,1.62102478748582e-05,1637.84097384219
0.0104580573418731,3.49682004516658e-05,775.973593235182
-0.0363935222223265,0.000120538012434225,604.138453490471
-0.0464508916188199,0.000101208734263509,538.527828776066
0.0581648891702935,0.000114261836315664,636.058813715721
-0.0372888734165948,2.01681395269086e-05,1449.70914667138
0.125478383069096,6.07031656818825e-05,1120.6660840386
0.102382356675734,5.11349499214157e-05,1046.30900544793
-0.0459528740283407,3.61607540861046e-05,691.621508262621
-0.202576574722327,0.000169288369408936,383.183709569835
-0.085318722239594,0.000131538385942945,680.578142308598
-0.0306094993101787,6.84161423805297e-05,555.092914115852
-0.0210232982790093,0.000104217899304157,468.665350024321
0.0451249647756679,8.18522325873408e-05,466.647257655354
-0.0298027620147425,0.000149258142634679,506.856230109366
-0.00125389231585458,3.65292365486616e-05,873.947585353871
0.0176646729547202,5.28235104351045e-05,582.204094207271
-0.0259126820725818,5.97442778983775e-05,555.083528181965
0.0995161430722292,0.000319514549790592,301.8213530221
0.247419349787434,0.000316587113947995,276.334520396275
0.222902907582931,0.000325846070328607,385.196853588367
0.00562340987342656,7.27101199849967e-05,706.263533584113
-0.0242425319551149,6.83710933843481e-05,800.671979395619
0.0268703829339363,6.53477815063084e-05,545.722580237428
0.0973760214223275,3.1963647964001e-05,1565.60812035599
-0.0842019071470466,5.30021970256778e-05,587.619006125386
0.0589680474888789,0.00012963191225057,452.120386695685
-0.0801014374131076,0.000136302468950571,432.755547136986
-0.0276551348198046,5.41862548684929e-05,532.105464524124
0.100943746774606,6.97558330564756e-05,519.731214706616
0.0441088007518766,4.95022409233915e-05,709.851030476319
-0.00123669561026808,4.85504428448379e-05,763.194782674863
0.180472271376147,0.000238823134893176,520.268850095178
-0.0507435586863405,7.66467263204443e-05,662.59502605792
0.0450319730820065,5.14258142688392e-05,901.287100011016
